{
  "best_model": "random_forest",
  "uses_combined_features": true,
  "feature_names": [
    "char_length",
    "word_count",
    "exclamation_count",
    "question_count",
    "all_caps_word_count",
    "all_caps_ratio",
    "urgent_word_count",
    "credential_word_count",
    "money_word_count",
    "threat_word_count",
    "generic_greeting_count",
    "digit_ratio",
    "has_dollar_amount",
    "html_tag_count",
    "obfuscated_word_count",
    "spelling_trick_count",
    "spoofing_signal_count",
    "excessive_punctuation",
    "url_count",
    "ip_url_count",
    "shortener_count",
    "suspicious_tld_count",
    "typosquat_count",
    "deceptive_path_count",
    "http_only_count",
    "max_url_score",
    "any_suspicious_url"
  ],
  "n_train": 536,
  "n_test": 134,
  "class_distribution": {
    "0": 419,
    "1": 251
  },
  "cv_scores": {
    "naive_bayes": {
      "mean": 0.9686,
      "std": 0.0151,
      "folds": [
        0.9523809523809523,
        0.9795918367346939,
        0.9514563106796117,
        0.9696969696969697,
        0.9900990099009901
      ]
    },
    "logistic_regression": {
      "mean": 0.9521,
      "std": 0.0146,
      "folds": [
        0.9591836734693877,
        0.9263157894736842,
        0.9583333333333334,
        0.9473684210526315,
        0.9690721649484536
      ]
    },
    "random_forest": {
      "mean": 0.9498,
      "std": 0.0129,
      "folds": [
        0.9484536082474226,
        0.9591836734693877,
        0.9361702127659575,
        0.9361702127659575,
        0.9690721649484536
      ]
    }
  },
  "all_metrics": [
    {
      "model": "Multinomial Naive Bayes (TF-IDF only)",
      "accuracy": 0.9851,
      "precision": 1.0,
      "recall": 0.96,
      "f1": 0.9796,
      "f1_macro": 0.9839,
      "phishing_precision": 1.0,
      "phishing_recall": 0.96,
      "legit_precision": 0.9767,
      "legit_recall": 1.0,
      "confusion_matrix": [
        [
          84,
          0
        ],
        [
          2,
          48
        ]
      ],
      "classification_report": "              precision    recall  f1-score   support\n\n  legitimate      0.977     1.000     0.988        84\n    phishing      1.000     0.960     0.980        50\n\n    accuracy                          0.985       134\n   macro avg      0.988     0.980     0.984       134\nweighted avg      0.985     0.985     0.985       134\n"
    },
    {
      "model": "Logistic Regression (TF-IDF + custom features)",
      "accuracy": 0.9851,
      "precision": 1.0,
      "recall": 0.96,
      "f1": 0.9796,
      "f1_macro": 0.9839,
      "phishing_precision": 1.0,
      "phishing_recall": 0.96,
      "legit_precision": 0.9767,
      "legit_recall": 1.0,
      "confusion_matrix": [
        [
          84,
          0
        ],
        [
          2,
          48
        ]
      ],
      "classification_report": "              precision    recall  f1-score   support\n\n  legitimate      0.977     1.000     0.988        84\n    phishing      1.000     0.960     0.980        50\n\n    accuracy                          0.985       134\n   macro avg      0.988     0.980     0.984       134\nweighted avg      0.985     0.985     0.985       134\n"
    },
    {
      "model": "Random Forest (TF-IDF + custom features)",
      "accuracy": 1.0,
      "precision": 1.0,
      "recall": 1.0,
      "f1": 1.0,
      "f1_macro": 1.0,
      "phishing_precision": 1.0,
      "phishing_recall": 1.0,
      "legit_precision": 1.0,
      "legit_recall": 1.0,
      "confusion_matrix": [
        [
          84,
          0
        ],
        [
          0,
          50
        ]
      ],
      "classification_report": "              precision    recall  f1-score   support\n\n  legitimate      1.000     1.000     1.000        84\n    phishing      1.000     1.000     1.000        50\n\n    accuracy                          1.000       134\n   macro avg      1.000     1.000     1.000       134\nweighted avg      1.000     1.000     1.000       134\n"
    }
  ],
  "best_metrics": {
    "model": "Random Forest (TF-IDF + custom features)",
    "accuracy": 1.0,
    "precision": 1.0,
    "recall": 1.0,
    "f1": 1.0,
    "f1_macro": 1.0,
    "phishing_precision": 1.0,
    "phishing_recall": 1.0,
    "legit_precision": 1.0,
    "legit_recall": 1.0,
    "confusion_matrix": [
      [
        84,
        0
      ],
      [
        0,
        50
      ]
    ],
    "classification_report": "              precision    recall  f1-score   support\n\n  legitimate      1.000     1.000     1.000        84\n    phishing      1.000     1.000     1.000        50\n\n    accuracy                          1.000       134\n   macro avg      1.000     1.000     1.000       134\nweighted avg      1.000     1.000     1.000       134\n"
  }
}